{
    "fx": 209.872161865234,
    "fy": 209.691604614258,
    "u0": 207.559005737305,
    "v0": 120.606292724609
}